palabra,frecuencia
depresión,432
estrés,323
cuarentena,223
pandemia,211
salud,197
miedo,196
personas,125
crisis,117
mental,108
síntomas,99
vida,85
tiempos,84
angustia,80
ahora,76
día,76
pueden,73
yomequedoencasa,73
gente,72
días,72
ataques,71
ser,70
casos,70
casa,69
tener,69
va,67
noticias,67
confinamiento,66
bien,66
solo,65
así,63
insomnio,61
covid19,61
terapiaonline,59
hacer,58
cada,58
aislamiento,58
social,57
tiempo,55
situación,55
mundo,54
hace,53
problemas,52
falta,52
genera,51
niños,51
saludmental,51
pacientes,51
vez,50
sé,50
manejar,49
incertidumbre,49
vía,48
tristeza,48
mata,47
saber,47
ataque,46
alguien,46
mucha,46
importante,45
ayuda,44
tan,44
causa,43
personal,43
emociones,42
dio,42
siento,42
después,42
años,41
población,41
mejor,41
puedo,40
aquí,40
familia,40
consejos,40
preocupación,40
mx,39
dolor,39
quiero,39
información,39
gracias,39
sueño,38
trastornos,38
pánico,38
salir,37
medio,36
encierro,36
04,35
evitar,35
verdad,34
toda,34
debido,34
pensar,34
trabajo,34
atención,34
recomendaciones,34
pasa,33
sufren,33
instagram,33
nuevo,33
efectos,33
poder,32
emergencia,32
virus,32
peor,32
emocional,32
aire,32
hospital,32
amigos,32
voy,32
mal,31
covid__19,31
línea,31
estudio,31
meses,31
ir,30
contingencia,30
veces,30
podemos,30
prueba,29
respirar,29
etc,29
niveles,29
ayudar,29
enfermedad,28
menos,28
mas,28
riesgo,28
igshid,28
frente,28
dos,27
sientes,27
10,27
través,27
aún,26
nunca,26
manejo,26
tema,26
sentir,25
cuenta,25
bueno,25
psicología,25
pasado,25
tanta,25
fin,25
html,25
jóvenes,25
parte,25
favor,25
sociedad,25
mismo,25
siempre,24
país,24
van,24
mente,24
combatir,24
temor,24
generar,24
mamá,24
psicológico,24
dormir,24
soledad,24
matar,24
vivir,24
semana,24
cualquier,23
aumento,23
atender,23
violencia,23
ayer,23
horrible,23
hecho,23
quédateencasa,23
nivel,23
pecho,23
post,23
pues,22
trastorno,22
encuesta,22
puta,22
morir,22
psicológica,22
twitter,22
forma,22
todas,22
aunque,22
sanitaria,22
mañana,22
momentos,22
familiares,21
covid_19mx,21
cabeza,21
casi,21
hablar,21
luego,21
llevo,21
persona,21
muchas,21
disminuir,21
según,21
cosas,21
momento,21
seguir,20
trabajar,20
controlar,20
nueva,20
familiar,20
positivo,20
hijos,20
sentimientos,20
primera,20
normal,20
horas,20
comunidad,20
pensando,20
reducir,20
raíz,20
mes,20
50,20
sufrir,20
adultos,19
ow,19
dios,19
algún,19
mayor,19
30,19
apoyo,19
buenas,19
mientras,18
consumo,18
actividades,18
dicen,18
real,18
aumenta,18
gran,18
leer,18
médicos,18
sino,18
ganas,18
12,18
sigue,18
además,18
vacuna,18
sufriendo,17
lleva,17
sólo,17
nadie,17
dar,17
haber,17
sienten,17
volver,17
incremento,17
noticia,17
pase,17
enfrentar,17
llorar,17
medidas,17
caso,17
pinche,17
medios,17
nota,17
dando,17
mayores,17
duele,17
tips,17
aumentó,16
situaciones,16
emocionales,16
saben,16
difícil,16
tomar,16
postraumático,16
mantener,16
40,16
laboral,16
contacto,16
creo,16
deja,16
mierda,16
sensación,16
muerte,15
id,15
respecto,15
posible,15
enfermedades,15
demás,15
20,15
org,15
24,15
papá,15
dado,15
800,15
it,15
sabe,15
secuelas,15
mil,15
madre,15
paciente,15
vamos,15
cuadros,15
gobierno,15
hora,15
igual,15
programa,15
corazón,14
brote,14
sintomas,14
diciembre,14
punto,14
sabes,14
hospitales,14
contigo,14
distanciamiento,14
fuerte,14
calle,14
episodios,14
bienestar,14
aburrimiento,14
peso,14
sentido,14
blog,14
afecta,14
especialistas,14
aumentado,14
viviendo,14
nervios,14
época,14
parece,14
contagio,14
hacen,14
culpa,14
cuerpo,14
vivo,14
diario,14
sistema,14
provoca,14
número,14
colombia,13
físico,13
contagiar,13
creer,13
dice,13
consultas,13
dlvr,13
edad,13
ahí,13
manera,13
calmar,13
prevenir,13
neta,13
control,13
haciendo,13
ofrece,13
ciento,13
sociales,13
comer,13
llegue,13
utm_source,13
deben,13
psicológicos,13
médico,13
pasan,13
trabajadores,13
espero,13
pa,13
alcohol,13
compartiendo,13
utm_medium,13
queda,13
ecuador,13
tardes,13
buena,13
provocada,13
cuidado,13
presentar,13
presenta,12
universidad,12
actual,12
impacto,12
tres,12
puto,12
tinyurl,12
covid_19mexico,12
decir,12
acaba,12
venezuela,12
realidad,12
solución,12
telefónica,12
presentan,12
llama,12
tras,12
apps,12
desesperación,12
méxico,12
app,12
terrible,12
comprar,12
negativo,12
sufre,12
office,12
pueda,12
agradecimientos,12
14,12
pasando,12
provocar,12
pasar,12
ustedes,12
profesionales,12
vive,12
15,11
primer,11
5s3zfmuqw0yskvstcmn97oyhf4t,11
rutina,11
hablando,11
entonces,11
vacunas,11
psicólogo,11
factores,11
brinda,11
mexicanos,11
sabemos,11
puedes,11
papás,11
quizás,11
sale,11
at,11
guía,11
tipo,11
rutinas,11
mundial,11
serio,11
padecen,11
fiebre,11
especial,11
ánimo,11
llegar,11
misma,11
maldito,11
siente,11
súper,11
viendo,11
sanitarios,11
recuerda,11
resultado,11
hago,11
frustración,11
hambre,11
sexo,11
esperar,11
matando,11
paso,11
shorturl,11
podría,11
primero,11
propagación,11
afrontar,11
laboratorio,11
llenando,11
pages,11
psicometría,11
responsepage,11
resultados,11
ciitt,11
video,11
entrar,11
forms,11
ucacue,11
dijo,11
jizpnbrl0glcf3hurtbjtjk1nddfsjdinkzgvfpgrthys1dbucqlqcn0pwcu,11
53,11
108,11
aspx,11
borde,11
unas,11
anticipó,11
estimad,11
centro,11
contingenciasinviolencia,11
pone,11
pérdida,11
investigación,11
alguna,10
suicidio,10
aprender,10
16,10
conoce,10
veo,10
consecuencias,10
paz,10
vidas,10
tratar,10
yoga,10
estrategias,10
redes,10
psicólogos,10
manos,10
noche,10
enfermeras,10
buff,10
habla,10
emoción,10
pensamientos,10
miedos,10
semanas,10
nacional,10
murió,10
generado,10
hogar,10
sanitario,10
respiración,10
jugar,10
doctor,10
panamá,10
quisiera,10
recibir,10
alta,10
gestionar,10
psicóloga,10
serie,10
trae,10
general,10
padres,10
ejercicio,10
dr,10
demasiado,10
vivimos,9
muero,9
android,9
aislados,9
utm_campaign,9
tensión,9
acceso,9
terapia,9
difíciles,9
relación,9
causado,9
píldora,9
triste,9
familias,9
00,9
españa,9
debe,9
quién,9
co,9
re,9
batalla,9
ejercicios,9
lidiar,9
cannabis,9
constante,9
escuchar,9
sobrellevar,9
digo,9
prevención,9
física,9
pásale,9
pswlx,9
lghpr,9
ios,9
dependientes,9
empieza,9
conoces,9
pensé,9
lado,9
fuentes,9
esperanza,9
venezolanos,9
cuidar,9
alerta,9
junto,9
amigo,9
único,9
buscar,9
generando,9
nuevos,9
cambios,9
revela,9
segunda,9
principales,9
presión,9
ve,9
alimentación,9
visto,9
final,9
posibilidad,9
chile,9
ello,9
secretos,9
chemsex,9
empezó,9
llega,8
generan,8
evita,8
perdí,8
ira,8
drogas,8
consulta,8
aumentan,8
llegó,8
entiendo,8
fe,8
33,8
incluso,8
clínica,8
terminar,8
acerca,8
cambio,8
poquito,8
cosa,8
debemos,8
hará,8
cerca,8
cuándo,8
amor,8
11,8
psicológicas,8
china,8
buen,8
queridos,8
via,8
comunicación,8
vale,8
única,8
mayoría,8
be,8
bajo,8
garganta,8
siquiera,8
rt,8
alto,8
problema,8
enfermos,8
largo,8
2021,8
reducción,8
perder,8
llevar,8
encerrada,8
estudiantes,8
dinero,8
dan,8
provocado,8
probablemente,8
whatsapp,8
datos,8
psicologia,8
acá,8
causar,8
distancia,8
contexto,8
lee,8
dejó,8
impotencia,8
económica,8
cl,8
música,8
muriendo,8
fuertes,8
esperamos,8
felizdomingo,8
covidー19,8
encima,8
entérate,8
feliz,8
sientas,8
cinco,7
esperando,7
atendiendo,7
navidad,7
dentro,7
produce,7
superar,7
comunes,7
grado,7
60,7
alma,7
psiquiatra,7
termine,7
cdmx,7
fotos,7
taquicardia,7
bogotá,7
hizo,7
cita,7
preocupa,7
pruebas,7
05,7
cuida,7
87,7
mayo,7
uso,7
edición,7
hice,7
aliviar,7
quieres,7
alarma,7
oms,7
vuelta,7
expertos,7
llegué,7
emocionalmente,7
enojo,7
pautas,7
dudas,7
quieren,7
debería,7
quiere,7
adolescentes,7
100,7
dias,7
diagnóstico,7
fiestas,7
movilidad,7
notimex,7
consigo,7
mentales,7
depresivos,7
rato,7
conocer,7
dia,7
jovenes,7
seguro,7
miembros,7
videos,7
recursos,7
queremos,7
obligatorio,7
hilo,7
facebook,7
síndrome,7
poner,7
seguridad,7
youtube,7
rápido,7
conmigo,7
niñas,7
cerebro,7
ojo,7
realmente,7
bastante,7
aumentar,7
vino,7
meditación,7
pasó,7
temen,7
servicio,7
mantiene,7
comida,7
quedarse,7
mensajes,7
grupos,7
minutos,7
millones,7
entró,7
aparte,7
podía,7
sobrevivir,7
suficiente,7
existe,7
desempleo,7
malo,7
youtu,7
vaya,7
atienden,7
abril,7
ojalá,7
entrevista,7
pico,7
seres,7
llamada,7
par,7
embargo,7
implica,6
ayudarte,6
grupo,6
dieron,6
cantidad,6
argentina,6
dejar,6
dolores,6
trauma,6
afectado,6
fiesta,6
calma,6
mejorar,6
episodio,6
sigo,6
comienzan,6
debo,6
info,6
literal,6
aprende,6
economía,6
distintas,6
relacionados,6
siguiente,6
dificultad,6
derivado,6
ceavem,6
realiza,6
pm,6
increíble,6
medida,6
dije,6
sentirme,6
virtual,6
ocasiones,6
grave,6
preventiva,6
relajación,6
enfermo,6
deportes,6
partir,6
agobiantes,6
lugares,6
muertes,6
formas,6
hermana,6
dónde,6
cierto,6
encerrado,6
cuatro,6
internet,6
prácticas,6
suerte,6
total,6
daba,6
diferentes,6
traído,6
tomando,6
dejado,6
físicos,6
viernes,6
juntos,6
atenciones,6
clases,6
mascarilla,6
cuarentenatotal,6
lejos,6
hablado,6
juro,6
recomiendan,6
política,6
análisis,6
sentía,6
the,6
dicho,6
caer,6
adecuada,6
18,6
protección,6
quería,6
restricciones,6
evaluar,6
desinformación,6
salió,6
importantes,6
normalidad,6
necesitan,6
acuerdo,6
mira,6
news,6
paciencia,6
compartimos,6
duelo,6
darle,6
wey,6
ay,6
link,6
complicaciones,6
cansancio,6
afectar,6
podcast,6
medicina,6
inmunológico,6
suicidios,6
cara,6
constantes,6
gripe,6
preocupaciones,6
medicamentos,6
podrás,6
edomex,6
detalles,6
luz,6
34,6
pequeños,6
poblacion,6
baja,6
requieren,6
gustaría,6
técnicas,6
muestra,6
embarazo,6
colectiva,6
salgo,6
stress,6
colegas,6
políticos,6
cuadro,6
opción,6
marzo,6
hacerme,6
enero,6
malas,6
claro,6
apoyar,6
tal,6
charla,6
13,6
el_pais,6
dió,6
ven,6
hacerlo,6
países,6
oxígeno,6
sala,6
síntoma,6
sanidad,6
abuela,6
hablamos,6
chingo,6
permite,6
sola,6
temporada,6
libertad,6
ninos,6
cualquiera,6
último,6
hogares,6
cuesta,6
php,6
siguen,6
abrazo,6
ejemplo,6
asi,6
colegio,6
idea,6
llorando,6
anda,6
madrid,6
práctica,6
ando,6
conciencia,6
diferenciar,6
articulo,6
obesidad,6
infórmate,6
llegando,6
futuro,5
afectan,5
saludables,5
maría,5
diciendo,5
recién,5
conflictos,5
signos,5
elpais,5
cepa,5
deseo,5
contagiarse,5
television,5
felicidad,5
am,5
bebé,5
neymar,5
experimentado,5
pq,5
llamado,5
mitiga,5
corrupción,5
artículo,5
actualmente,5
condiciones,5
radio,5
definitivamente,5
costa,5
proyecto,5
sobreexigencia,5
super,5
proteger,5
cemybsedomex,5
palabras,5
generada,5
cuantos,5
gob,5
infección,5
continúa,5
pueblo,5
cuanto,5
pastillas,5
alegría,5
panico,5
herramienta,5
encontrar,5
irritabilidad,5
gusta,5
22,5
xq,5
jugadores,5
equipo,5
paranoia,5
orientación,5
sinceramente,5
compartir,5
infectados,5
área,5
fatiga,5
aun,5
mindfulness,5
periodo,5
leí,5
latinoamericanos,5
zona,5
públicos,5
minsa,5
padre,5
servicios,5
asociados,5
medscape,5
ciencia,5
duermo,5
cáncer,5
necesitamos,5
diaria,5
murieron,5
altas,5
necesito,5
generales,5
pesar,5
alternativas,5
trajo,5
unam_mx,5
pública,5
camino,5
mitigar,5
llena,5
recomienda,5
últimos,5
propio,5
tos,5
causas,5
aumentando,5
equipos,5
dificultades,5
tratamiento,5
llevan,5
intento,5
cree,5
empleo,5
mujeres,5
hacerse,5
ayude,5
reside,5
maldita,5
yendo,5
disposición,5
aparece,5
despacho,5
podido,5
alteraciones,5
vuelto,5
fuerza,5
encuentro,5
dama,5
diez,5
realizar,5
fácil,5
tantas,5
ponen,5
preventivo,5
contraer,5
tareas,5
positivos,5
resulta,5
tv,5
realizada,5
excelente,5
vas,5
san,5
pedo,5
dejé,5
electricidad,5
cansada,5
riesgos,5
aliento,5
visita,5
causando,5
explica,5
rehabilitarte,5
lunes,5
live,5
programas,5
necesitas,5
dejamos,5
sano,5
importancia,5
iba,5
oración,5
pareja,5
tapabocas,5
c3,5
probable,5
web,5
producto,5
ah,5
médica,5
peligroso,5
alrededor,5
cuido,5
mostramos,5
entero,5
harta,5
primeros,5
hola,5
comparto,5
cuarentenaextendida,5
comiendo,5
fundación,5
altos,5
leyendo,5
inicio,5
duro,5
director,5
tope,5
hermano,5
febrero,5
pienso,5
ponerme,5
puerto,5
amigas,5
piensan,5
exceso,5
laborales,5
cabello,5
25,5
hacemos,5
calor,5
mitad,5
red,5
daños,5
tarde,5
temas,5
jamás,5
negativas,5
online,5
busca,5
rico,5
acabar,5
comparte,5
malestar,5
llegada,5
teléfono,5
zoom,5
pronto,5
señor,5
realizado,5
generalizada,5
chingada,5
plan,5
pide,5
complicado,5
zozobra,5
ahorita,5
invita,5
proceso,5
reflexión,5
gratuito,5
inseguridad,5
3456,5
cumplir,5
alimentos,5
puesto,5
espera,5
pendiente,5
experiencia,5
quizá,5
vi,4
prácticos,4
migraña,4
octubre,4
cuba,4
tranquila,4
lugar,4
dra,4
necesidad,4
obvio,4
diarios,4
guerra,4
empresa,4
sobrellevarlo,4
necesita,4
etapa,4
costando,4
público,4
seguido,4
agua,4
simplemente,4
tantos,4
protocolo,4
volvió,4
espacios,4
gusto,4
muchísima,4
muscular,4
and,4
eleva,4
experimentar,4
viene,4
resultar,4
sufrimiento,4
darnos,4
pierdas,4
espacio,4
escucha,4
ignorancia,4
causada,4
creado,4
enorme,4
carga,4
abuelos,4
objetivo,4
vulnerable,4
gratis,4
autoridades,4
completamente,4
volví,4
lleno,4
pagar,4
intrafamiliar,4
graves,4
venezolano,4
extraño,4
conectividad,4
domingo,4
tranquilo,4
ayudado,4
peores,4
hrs,4
desespero,4
tío,4
fatal,4
futbolistas,4
juan,4
joder,4
confianza,4
martínez,4
lados,4
edu,4
ambos,4
negativos,4
tenia,4
existen,4
respiratoria,4
enferme,4
expuestos,4
aprendí,4
asociada,4
respuesta,4
enterarme,4
podrá,4
tasas,4
sospecha,4
experimentando,4
ciudad,4
urge,4
deberían,4
bajas,4
miles,4
desconectó,4
buenos,4
sana,4
5905277,4
soc_tw_share,4
sueños,4
apenas,4
besexualbehealthy,4
espanol,4
sinembargo,4
concepto,4
disponible,4
piensa,4
contagioso,4
acompañamiento,4
generó,4
carrera,4
colaterales,4
saludable,4
volvieron,4
presencia,4
película,4
marcha,4
muere,4
internacional,4
patologías,4
vencer,4
sufrí,4
energía,4
sintiendo,4
justo,4
oportunidad,4
traje,4
foto,4
cuentas,4
cutt,4
económico,4
breve,4
humana,4
intentar,4
vih,4
tampoco,4
página,4
infarto,4
alguno,4
viven,4
mediante,4
crees,4
consecuencia,4
fondo,4
protesta,4
us,4
termina,4
llevando,4
telefónicas,4
lacorrupcióneselvirus,4
tocar,4
respiro,4
ola,4
empiezo,4
verarticulo,4
números,4
src,4
consumir,4
encerrados,4
oficiales,4
falsa,4
permanente,4
global,4
convivencia,4
enfermarme,4
maneja,4
próximo,4
luis,4
romper,4
obligatoria,4
directora,4
aflorar,4
añadido,4
andalucia,4
ganándole,4
patricia,4
guardia,4
ojos,4
matan,4
55,4
dejo,4
traemos,4
ninguna,4
mariaclaraname,4
útil,4
brindamos,4
empeoren,4
adelante,4
instituto,4
dejará,4
ift,4
crece,4
vomitar,4
garcía,4
sirve,4
hijo,4
resiliencia,4
cuántas,4
tt,4
grande,4
cercana,4
sentirte,4
desarrollo,4
recuerdo,4
secuela,4
hablaremos,4
oficial,4
vemos,4
sufran,4
reintegren,4
impedir,4
ciertas,4
precedentes,4
incluyendo,4
nombre,4
deporte,4
termino,4
novio,4
investigadores,4
pocas,4
amiga,4
facultad,4
ayudarán,4
trabajando,4
encuentra,4
noches,4
enfermera,4
calidad,4
pe,4
necesario,4
plena,4
clausen,4
sufrido,4
turno,4
bajar,4
uci,4
teorías,4
cuidando,4
encontré,4
psiquiatras,4
iberri,4
reacciones,4
golpe,4
actividad,4
locos,4
cuídense,4
conspirativas,4
desconocido,4
pedir,4
privado,4
fumar,4
ciertos,4
efecto,4
enfrentarse,4
teleasistencia,4
crecer,4
usuarios,4
urgencias,4
acción,4
2xdeoid,4
96,4
comunícate,4
vídeo,4
llamar,4
rivera,4
conocido,4
trata,4
vacaciones,4
presentado,4
cero,4
crea,4
atendido,4
negro,4
escenas,4
ma,4
matará,4
enfrentan,4
ayudarnos,4
expansión,4
cuidados,4
pudiera,4
doy,4
advierten,4
aplicación,4
autoestima,4
traumático,4
allá,4
aprendizaje,4
noviembre,4
eco,4
tomé,4
estragos,4
mejores,4
normalmente,4
postraumatico,4
17,4
pensado,4
odio,4
pena,4
aguanto,4
perrito,4
cuidarnos,4
44,4
pura,4
kilos,4
consumiendo,4
memoria,4
06,4
decirle,4
llegado,4
historia,4
responsabilidad,4
sensaciones,4
psicoterapia,4
natural,4
asma,4
media,4
enormes,4
totalmente,4
29,4
dijeron,4
fase3,4
80,4
aquellas,4
manifestaciones,4
yorelisaco,3
viral,3
sufro,3
podrían,3
recetó,3
náuseas,3
medicos,3
anterior,3
disnea,3
gestión,3
genial,3
amo,3
autocuidado,3
empezar,3
empecé,3
agenda,3
acompañarte,3
organismo,3
acabe,3
invisible,3
comienzo,3
nervioso,3
nomas,3
ar,3
últimas,3
trabajamos,3
generación,3
informativa,3
notas,3
ido,3
voz,3
preparados,3
comenzó,3
pega,3
asustada,3
cuestionario,3
placer,3
haz,3
31,3
lluvia,3
paratodosla2tve,3
ruido,3
dejemos,3
nubes,3
confinamientos,3
cuales,3
quedan,3
temporal,3
conlleva,3
min,3
full,3
comparten,3
fuck,3
vea,3
patri_psicologa,3
shtml,3
afectadas,3
padecimientos,3
rendimientos,3
fernando,3
fuente,3
luchar,3
elevado,3
sucede,3
rebajar,3
pre,3
rtve,3
aseguran,3
_3cbe3813,3
broncano,3
corto,3
pequeñas,3
cifra,3
2060021,3
apoyopositivo,3
diferencias,3
quiénes,3
elevar,3
económicos,3
apocalipsis,3
evitaelcoronavirus,3
mando,3
eldiario,3
is,3
diagnosticada,3
vecinos,3
depre,3
profesional,3
incrementó,3
preguntas,3
cultura,3
atendidos,3
nuevas,3
todxs,3
local,3
abc,3
apatía,3
entro,3
querido,3
20201214,3
paraguay,3
wp,3
siete,3
películas,3
hijas,3
seis,3
ec,3
cuento,3
alomejor,3
escribió,3
hermosa,3
madres,3
aunado,3
coordinadora,3
parecer,3
américa,3
borja,3
límite,3
mujer,3
911,3
caos,3
género,3
insn,3
sencillas,3
net,3
ocasionar,3
oye,3
pug,3
rumores,3
flexibilizar,3
impactos,3
42,3
cat,3
47,3
jama,3
confinados,3
derivada,3
sabía,3
discapacidad,3
plata,3
crack,3
conocidos,3
europapress,3
enfermeros,3
latina,3
profundo,3
taller,3
posts,3
frenar,3
feo,3
comentarios,3
abrir,3
perúestáennuestrasmanos,3
daremos,3
07,3
anti,3
empatía,3
uni,3
levanté,3
incrementarse,3
32,3
serenidad,3
primo,3
dura,3
interno,3
antonio,3
prefiero,3
chicos,3
satse,3
harley,3
comportamientos,3
tuerto,3
claves,3
ano,3
alimentaria,3
cuantas,3
estadísticas,3
convierte,3
sufrimos,3
publicado,3
clonazepam,3
tormenta,3
diga,3
torno,3
humor,3
periodista,3
compañeros,3
alteración,3
aceptar,3
varias,3
completa,3
guia,3
cierre,3
lamentablemente,3
pst,3
cr,3
afuera,3
soñé,3
llamadas,3
procesos,3
psic,3
alarmantes,3
eterno,3
controla,3
aqui,3
común,3
cartagena,3
encontró,3
negativa,3
hicieron,3
producir,3
existir,3
disminuye,3
usted,3
entrega,3
senda,3
perdido,3
prensa,3
adicciones,3
penitenciarios,3
2rl8eus,3
3ez9jsp,3
angelicabulnes,3
capítulo,3
elkiosco,3
igtv,3
macalescornez,3
importa,3
repaso,3
acabo,3
negocios,3
mequedoencasa,3
obsesivo,3
perdió,3
adversas,3
psiquiátricos,3
andar,3
varios,3
meta,3
charlas,3
generados,3
urgente,3
contagiado,3
participar,3
hábitos,3
acompañado,3
generaba,3
establecida,3
abrupto,3
psicosocial,3
libros,3
receta,3
cannabismedicinal,3
do,3
seguirá,3
revisar,3
jaque,3
higiene,3
joven,3
irse,3
fallecimiento,3
socialshare,3
desktop,3
ataca,3
partes,3
test,3
20minutos,3
20m,3
díamundialdelasalud,3
conciliar,3
piernas,3
relajarte,3
nuevamente,3
espalda,3
cifras,3
consciencia,3
coño,3
aquellos,3
puntos,3
tomo,3
errores,3
severa,3
herramientas,3
mascarillas,3
regresé,3
celebrar,3
abrazos,3
finales,3
mano,3
cumpleaños,3
llámanos,3
7810368,3
producida,3
informó,3
positiva,3
supera,3
eluniverso,3
experiencias,3
estaria,3
aislado,3
defensas,3
estadounidenses,3
cuanta,3
pendejadas,3
incrementa,3
indica,3
peligro,3
comunidad_unam,3
stayhome,3
clona,3
facmedicinaunam,3
misalud,3
ssalud,3
unam,3
unam_psicologia,3
cae,3
pandémica,3
codefi,3
cn,3
comidas,3
muertos,3
habilitado,3
presente,3
molestias,3
atrás,3
instante,3
tremenda,3
meditar,3
26,3
dosis,3
watch,3
clase,3
cuiden,3
ok,3
bicho,3
aumentarán,3
tusaludesprimero,3
sanadistancia,3
permitas,3
sufres,3
presenten,3
razones,3
fobias,3
últimamente,3
estable,3
considerar,3
propia,3
recuperación,3
28,3
cargo,3
diariamente,3
opresión,3
mexiquensenoticias,3
comienza,3
lidiarán,3
caga,3
solidaridad,3
imagen,3
45,3
covid2019,3
asesoría,3
infierno,3
vaina,3
educación,3
falleció,3
querer,3
tratando,3
viviremos,3
mexicano,3
toca,3
múltiples,3
nomás,3
hisopado,3
echobox,3
conscientes,3
traer,3
trabajan,3
desafío,3
galletas,3
marihuana,3
menores,3
fibromialgia,3
grandes,3
rabia,3
vulnerables,3
inestabilidad,3
jamanetwork,3
salgan,3
exámenes,3
tambien,3
unidos,3
ningún,3
máxima,3
verlos,3
fullarticle,3
journals,3
entra,3
contagiados,3
agradezco,3
prevalencia,3
agencia,3
probables,3
metanálisis,3
canadienses,3
televisión,3
piden,3
allí,3
alimentarios,3
sitio,3
última,3
inquietud,3
cansados,3
obviamente,3
di,3
expuesto,3
metí,3
hija,3
saldremos,3
planeta,3
acudir,3
pal,3
salida,3
perra,3
dejando,3
quedo,3
ten,3
dengue,3
mutación,3
propaganda,3
na,3
unidad,3
vdd,3
profesores,3
capacidad,3
lxs,3
quinta,3
remedios,3
doctora,3
seguiré,3
pcr,3
siguientes,3
365,3
maestra,3
echarle,3
ayudando,3
tenés,3
contrario,3
contagios,3
clinica,3
vos,3
presidente,3
profes,3
madrugada,3
tw,3
telemadrid,3
poca,3
fortalecer,3
todavía,3
verga,3
claramente,3
evento,3
orto,3
consciente,3
mato,3
aprobar,3
olfato,3
marco,3
máximo,3
estilo,3
dormía,3
entrando,3
haré,3
sentimos,3
esposo,3
físicamente,3
recibirás,3
hipocondríaca,3
oigan,3
imss,3
alv,3
cuánto,3
montón,3
please,3
urgencia,3
caes,3
padecer,3
sobreviviente,3
funciona,3
conjunto,3
incrementan,3
confirmar,3
acabará,3
abro,3
informados,3
segundo,3
gigante,3
cura,3
inconsciente,3
psuvaristobulo,3
despues,3
saliendo,3
radiofeyalegrianoticias,3
intenté,3
logro,3
ssm,3
españoles,3
espana,3
testimonio,3
víctor,3
escribe,3
new,3
llamando,3
estudios,3
sabiendo,3
alferdez,3
especialista,3
sufría,3
perdón,3
tabaco,3
producción,3
cubrebocas,3
sumado,3
ausencia,3
señores,3
personales,3
baje,3
llevamos,3
entendí,3
carro,3
atentos,3
ansiosos,3
repente,3
tw_cc,3
rebrote,3
sexual,3
activadosporlasalud,3
brindar,3
ministerio,3
distrito,3
guayaquil,3
tarea,3
juntas,3
iban,3
presentamos,3
agitación,3
ésta,3
fucking,3
eluniversal,3
cuidemos,3
inmunodeficiencia,3
debes,3
io,3
exposición,3
ayudan,3
rosa,3
sentí,3
tenes,3
infografía,3
horario,3
líneas,3
venir,3
vuelve,3
sentimiento,3
minimizar,3
remota,3
consume,3
distinguir,3
09d01,3
coronavirusenvenezuela,3
recomendable,3
canalizar,3
permanecer,3
largas,3
independiente,2
tranquilamente,2
principalmente,2
suma,2
traumas,2
plazo,2
recreativas,2
necesidades,2
cardíacos,2
hhfoundation,2
america,2
pasada,2
cuál,2
municipal,2
wuhan,2
somatización,2
46,2
verdadero,2
terminó,2
york,2
derivadas,2
mantenerse,2
aplausos,2
regresado,2
salido,2
meten,2
des,2
conferencia,2
flormizrachi,2
ivanduque,2
quedando,2
oscuridad,2
atacan,2
tomado,2
fáciles,2
protege,2
infectarnos,2
intentando,2
detonador,2
venía,2
judbrewer,2
webinarsenlacontigencia,2
oaxaca,2
tía,2
pos,2
seriamente,2
dominicano,2
esperó,2
device,2
mierdas,2
tragar,2
porfavor,2
alternativa,2
concentración,2
cansa,2
esencial,2
daban,2
elaborado,2
mobile,2
compulsivos,2
tíos,2
carne,2
2000,2
fl,2
leves,2
intervención,2
eluniversocom,2
bonitas,2
coraje,2
llenos,2
escuchados,2
cesargalicia_,2
puedan,2
sentirse,2
fotoartistica,2
distopía,2
rica,2
dominicanos,2
angustiada,2
tweet,2
novedades,2
extremar,2
covid_19ec,2
darme,2
aplicar,2
económicas,2
desesperada,2
dm,2
quédate,2
psiquiatría,2
welovediversidad,2
minsaludcol,2
diariolalibertad,2
terapiadepareja,2
lucha,2
crear,2
perro,2
hilos,2
frustrante,2
toy,2
that,2
existencial,2
hospitalización,2
espiritualidad,2
demencia,2
raro,2
frecuencia,2
renunciar,2
mortal,2
intranquilidad,2
soltar,2
convertirse,2
luchando,2
padece,2
hacía,2
destaca,2
todes,2
quieran,2
díganme,2
puse,2
hacia,2
amanecí,2
tratamientos,2
analiza,2
pidiendo,2
papa,2
alergias,2
pdf,2
difgobpue,2
toquen,2
sedif,2
mantendrá,2
contribuyen,2
reinfeccion,2
ia,2
libres,2
recontra,2
vacunen,2
agarrar,2
llego,2
pandemias,2
golpeado,2
rehabilitación,2
volvio,2
paranoica,2
anteriormente,2
tmr,2
reddit,2
río,2
lloro,2
mañanas,2
provocados,2
985,2
psicológicamente,2
prácticamente,2
dejen,2
afectó,2
realizó,2
participaron,2
corte,2
vacunan,2
cercanos,2
to,2
perdieron,2
hospitalizados,2
enfermando,2
toque,2
tutehumor,2
ritual,2
reflexionesalac,2
usa,2
protestas,2
partido,2
decirlo,2
martín,2
espinoza,2
3dsdv0q,2
diabetes,2
capaz,2
delirio,2
rostrosdelcovid,2
ayudaron,2
nace,2
hipocondria,2
nochebuena,2
complique,2
residentes,2
atenderse,2
diagnóstica,2
escala,2
tele,2
cambia,2
aceite,2
contagiadas,2
cercanas,2
reza,2
quitarnos,2
erradicar,2
males,2
pfizer,2
fechas,2
jajaja,2
provocarme,2
logros,2
suben,2
desafíos,2
el_cuidado_de_la_salud_mental_en_tiempos_de_aislamiento,2
entras,2
uu,2
opennemas,2
llenan,2
ee,2
cni_noticias,2
centronoticiasinternacionales,2
bola,2
asesino,2
20201205094316002221,2
gastando,2
cuidémonos,2
besazo,2
discriminación,2
docentes,2
suelen,2
respire,2
viajar,2
fase,2
hagan,2
enrique,2
tvv,2
ocurra,2
tik,2
cloro,2
neurosis,2
producidos,2
consuelo,2
biblia,2
alertan,2
epandalucia,2
20210507144016,2
elecciones,2
andalucía,2
cdc,2
desarrollado,2
escucho,2
demasiada,2
sobrevivientes,2
duela,2
caminar,2
educativo,2
desastre,2
calendario,2
tca,2
quito,2
eepenvivo,2
viejo,2
mire,2
daría,2
navideñas,2
cuide,2
derecha,2
tratan,2
ramírez,2
roto,2
adulto,2
tiro,2
faringitis,2
irme,2
quitó,2
asintomático,2
relajo,2
jajajaja,2
gravedad,2
ex,2
subió,2
sentencia,2
agarro,2
16dic,2
combinados,2
impuso,2
necesitar,2
laura,2
rs,2
649084,2
próxima,2
imágenes,2
vacunación,2
pareciera,2
mencionados,2
lauragarza,2
bombardean,2
aquello,2
prioridades,2
sacando,2
bogota,2
anadido,2
xd,2
sacar,2
llame,2
relacionarte,2
medicosunidosve,2
lorenzo,2
jaime,2
diagnosticado,2
juvenil,2
protagonizaron,2
presos,2
panameños,2
entornos,2
detenidos,2
conocerse,2
colón,2
sobrino,2
posibles,2
headspace,2
efectiva,2
cumplo,2
perdiste,2
futura,2
labor,2
medicamento,2
corona,2
ignorante,2
ejercer,2
señala,2
decisión,2
fallecidos,2
cuarentenas,2
controlando,2
plazadelasalud,2
manejodeemociones,2
hgps,2
peliculas,2
comido,2
clínicas,2
salen,2
canela,2
reflujo,2
pensamos,2
cefalea,2
43,2
tomamos,2
agradecimiento,2
bitch,2
horribles,2
sumando,2
intensiva,2
mismos,2
fluctuante,2
desaparecer,2
regresar,2
ley,2
pasarse,2
pagado,2
viva,2
tmb,2
ví,2
perjudicial,2
conducta,2
patológica,2
seca,2
snapchat,2
darse,2
lanza,2
complejo,2
daniel,2
conjunta,2
tip,2
descontrolada,2
web9,2
view,2
unl,2
sumas,2
establecido,2
amigxs,2
webinar,2
revisa,2
disparado,2
saludmentalcovid19,2
covid19chile,2
mediático,2
maestros,2
caja,2
barbijos,2
incomodidad,2
descubrir,2
verifica,2
méndez,2
mauricio,2
interprete,2
asorgua,2
muches,2
sienta,2
cambiar,2
pasamos,2
consigna,2
prioridad,2
boca,2
supere,2
enfermarse,2
desconocida,2
abraza,2
comedia,2
jueputa,2
planes,2
mentiras,2
logré,2
millón,2
mantuve,2
económicamente,2
tranquilidad,2
rusa,2
jaja,2
perdiendo,2
apetece,2
viajes,2
intentos,2
pasé,2
superé,2
cause,2
descansar,2
limitar,2
pillado,2
amigues,2
llenaba,2
gel,2
ves,2
sangre,2
adulta,2
diagnosticaron,2
banda,2
saldrá,2
precio,2
hormonas,2
copa,2
conocida,2
congreso,2
barbijo,2
moría,2
septiembre,2
acné,2
viajando,2
promedio,2
chao,2
my,2
oídos,2
principio,2
enfrentando,2
domingoderamos,2
5abr,2
vacío,2
mantenga,2
latente,2
igualmente,2
picazón,2
nariz,2
verano,2
gana,2
puerta,2
chingue,2
enfermería,2
imaginé,2
estudiar,2
empeorar,2
cuidarse,2
creemos,2
recaer,2
bolivia,2
falle,2
profunda,2
peña,2
mala,2
merece,2
viaje,2
terminé,2
japón,2
corren,2
chamba,2
creí,2
den,2
70,2
css,2
simple,2
estes,2
cuidense,2
nacidos,2
india,2
desean,2
menor,2
negar,2
brazos,2
lloré,2
señaló,2
ventana,2
policía,2
susto,2
harto,2
examen,2
cerramos,2
uñas,2
coletazos,2
2kpi65y,2
elconsejomx,2
colapso,2
sucederá,2
agudiza,2
sal,2
asintomatica,2
quedé,2
medir,2
unidossaldremosadelante,2
coronavirusmexico,2
hiciste,2
acciones,2
concretas,2
mexico,2
básico,2
abuso,2
raúl,2
entender,2
chino,2
informo,2
héroes,2
comprensión,2
abordaje,2
2764380,2
fármacos,2
entrenar,2
atletas,2
adaptarse,2
alcanzó,2
ósea,2
llamaron,2
interior,2
campaña,2
palpitaciones,2
evite,2
bajé,2
invade,2
quedateentucasa,2
pequeña,2
roja,2
rcf,2
mantén,2
cruzroja,2
cruz,2
comunicarte,2
psicologa,2
stayathome,2
hagamos,2
bares,2
llamé,2
food,2
videoconferencia,2
empezando,2
logrado,2
agobiada,2
putisimo,2
consejo,2
asfixia,2
cerro,2
contagie,2
suelos,2
escape,2
comprando,2
cigarrillos,2
moral,2
bajando,2
valentina,2
rectoría,2
marín,2
asesora,2
areandina,2
psicoterapeuta,2
vecina,2
cielo,2
recordar,2
bregar,2
reportado,2
capitalinos,2
nejm,2
precauciones,2
meditacion,2
señora,2
droga,2
eu,2
bienestaremocional,2
profesor,2
informado,2
círculo,2
explicarle,2
ayudará,2
jorge,2
javier,2
campussanofi,2
aplicaciones,2
temores,2
pasatiempos,2
reduce,2
psicoeducativa,2
fes_acatlan,2
interesante,2
bbc,2
psicologica,2
social_share,2
share_buttons,2
lidiaran,2
buscan,2
juegos,2
mile,2
dudes,2
regil,2
mascotas,2
turnos,2
puestos,2
b3n,2
heraldodemexico,2
2225197460,2
20200423110913,2
relacionado,2
inmediatamente,2
estevirusloparamosunidos,2
victor,2
hlgatell,2
enfermar,2
reflejar,2
felizlunes,2
colas,2
capturo,2
venga,2
elindependiente,2
elindepcom,2
atiende,2
sobrepeso,2
salga,2
novia,2
manuel,2
claridad,2
voluntario,2
psicoterror,2
rip,2
interesa,2
estan,2
rechazaron,2
impactante,2
preventivas,2
contener,2
presentaron,2
entraba,2
calles,2
mp,2
3bqjysp,2
rayos,2
trato,2
bo,2
huracán,2
california,2
enemigo,2
ligera,2
explotación,2
psiquiátrico,2
doble,2
olvidemos,2
inclusive,2
existenciales,2
cercano,2
derivados,2
soporte,2
dé,2
niño,2
ingresos,2
coger,2
diseñada,2
register,2
manifiestan,2
juega,2
sanar,2
damos,2
continuar,2
buscando,2
creciente,2
farmacéuticas,2
puso,2
enferma,2
ucm,2
eh,2
duda,2
toc,2
business,2
suelo,2
comencé,2
respeto,2
órdenes,2
causarles,2
confiables,2
bebés,2
rescate,2
entré,2
tocó,2
coágulos,2
terminando,2
fatalista,2
biológica,2
arma,2
hermanas,2
recibido,2
celular,2
eldiarioes,2
minsapma,2
caaguazú,2
detener,2
preocupante,2
humano,2
temprano,2
levantando,2
informarse,2
horarios,2
noestássola,2
juntossaldremosadelante,2
5g,2
abundan,2
acércate,2
apuntan,2
espantosa,2
ayudara,2
percepción,2
gira,2
explicó,2
emilio,2
ayala,2
alaire,2
universal,2
prevenircovid19,2
contribuir,2
audiencias,2
gonzález,2
columna,2
antier,2
convertido,2
corazon,2
té,2
severos,2
reveló,2
ibero,2
regresaron,2
vuelva,2
cigarrillo,2
alimentacion,2
evitando,2
afectando,2
chinos,2
obeso,2
hacernos,2
jefa,2
infartos,2
uam,2
investigadora,2
aseguró,2
quiera,2
inteligencia,2
lecturas,2
apoya,2
teletrabajo,2
conviviendo,2
view_article,2
uned,2
tercio,2
infocop,2
asp,2
8762,2
soportando,2
colonia,2
tristes,2
activo,2
dieta,2
contagiarme,2
conferencias,2
terror,2
internado,2
alergia,2
niñez,2
leemos,2
opciones,2
sudan,2
futuras,2
pregunta,2
obtener,2
asistente,2
169,2
prevenciónessalud,2
agobio,2
trabaja,2
pusieron,2
nacionales,2
elimina,2
únicamente,2
cristianos,2
enlabrecha,2
pensarlo,2
deje,2
volviendo,2
somete,2
saturado,2
afectaciones,2
desgraciadamente,2
pilas,2
jugada,2
rodríguez,2
hermanos,2
matarme,2
observado,2
terribles,2
recurrente,2
podes,2
lista,2
medidasdeprevención,2
mk,2
llamados,2
heroes,2
ennewssv,2
anteriores,2
ws,2
tlf,2
telegram,2
relaciones,2
necesite,2
foro,2
aviso,2
encuentre,2
talcual,2
pongan,2
eliminar,2
sector,2
repunte,2
psiquiátrica,2
presencial,2
stres,2
inmunidad,2
gratuitos,2
cursos,2
ampliación,2
decidí,2
regular,2
intensidad,2
desatar,2
propuestas,2
escolar,2
curso,2
iyc_es,2
investigacionyciencia,2
depresin,2
18525,2
terminan,2
falsas,2
felizmartes,2
itaepsicologia,2
fomentar,2
adversidad,2
estigma,2
pasas,2
menciona,2
recordatorio,2
recaídas,2
victoria,2
entorno,2
tratas,2
saludos,2
recomendamos,2
auto,2
cuarentenaobligatoria,2
vinculada,2
muestras,2
cerrados,2
fundamental,2
coesida,2
ciudadanía,2
cuarentenaporlavida,2
segura,2
explicar,2
conseguido,2
cynthia,2
persiste,2
irracionales,2
daño,2
vendrán,2
mate,2
preguntando,2
acusado,2
azitromicina,2
ana,2
basura,2
viví,2
supuestamente,2
detrás,2
chocolate,2
sesión,2
lic,2
ivoox,2
ideas,2
clima,2
ansioso,2
aseguro,2
mackay,2
comente,2
superior,2
necesites,2
escucharte,2
identificar,2
planta,2
desbloqueado,2
homeoffice,2
secundarios,2
platicando,2
desata,2
resto,2
región,2
vieja,2
laburar,2
docente,2
verlo,2
sencillos,2
agotamiento,2
nayarit,2
enfocarnos,2
mirada,2
quede,2
atencion,2
2019,2
iniciativa,2
clínico,2
llegan,2
reciben,2
adecuadamente,2
ossandon,2
similar,2
refor,2
señalan,2
acuesto,2
encanta,2
digan,2
pensaron,2
netflix,2
comen,2
terapias,2
pagan,2
duelos,2
piso,2
trabajos,2
porqué,2
enfocar,2
relájense,2
quédense,2
responder,2
volumen,2
comes,2
padecimiento,2
dificulta,2
enserio,2
uds,2
máshttps,2
loca,2
derrames,2
tio,2
incrementarán,2
alturas,2
deudas,2
comprender,2
visitar,2
cancer,2
reclusión,2
ig,2
suceda,2
fármaco,2
alcance,2
protegerse,2
sol,2
desarrollar,2
medicinal,2
empresas,2
molestia,2
médicas,2
mandando,2
disparó,2
distraernos,2
informe,2
empiecen,2
cuántos,2
cuarentenacoronavirus,2
covidー19chile,2
canarias,2
drduany,2
encasa,2
afectados,2
compañía,2
mismas,2
autismo,2
pocos,2
sobrio,2
sexosobrio,2
cuarto,2
actualidad,2
cuarentenanacional,2
juventud,2
precisó,2
carlos,2
nicolas_maduro,2
paralizado,2
acumular,2
pérdidas,2
relacionarnos,2
cierta,2
pinches,2
josé,2
bárbara,2
padecía,2
detenido,2
nicolasmaduro,2
recomendado,2
llevado,2
asilamiento,2
tierra,2
transtorno,2
ocasionado,2
estrategia,2
animo,2
fallo,2
lázaro,2
lrsd,2
eeuu,2
testigos,2
propensas,2
puertas,2
imagínate,2
rápida,2
pude,2
seguros,2
afrontamos,2
solamente,2
físicas,2
semestre,2
comenzar,2
unido,2
movimiento,2
as,2
modo,2
cuarentenacreativa,2
insta,2
estudiando,2
pare,2
tendencia,2
enloqueciendo,2
confirmaron,2
diarias,2
ofrecen,2
fútbol,2
existencia,2
hacerle,2
actualizaciones,2
viejitos,2
perritos,2
patrones,2
objeto,2
analizar,2
23abr,2
apetito,2
onda,2
24abril,2
guantes,2
necesarias,2
verduras,2
volverá,2
afirma,2
p8cqnn,2
jardín,2
miguel,2
hombre,2
educativa,2
000,2
elizabeth,2
carácter,2
rehabilitarte18,2
23,2
justificación,2
sintoma,2
centros,2
acostumbramos,2
notable,2
llenado,2
iwar2vuifg9in2cboekiuhfozo,2
fbclid,2
apqx6_ppcyhnjbai3gwsaysje6ged0sxq8,2
nicotina,2
telefonica,2
psicologicas,2
publicaciones,2
historias,2
35,2
derivar,2
lujo,2
ganarle,2
ademas,2
practica,2
cuidatusaludmental,2
provocó,2
chiste,2
masa,2
protegernos,2
oximetro,2
influenza,2
compré,2
pelea,2
demanda,2
entienden,2
seguimos,2
seguimiento,2
pido,2
lograr,2
kiero,2
explico,2
doc,2
37,2
expresa,2
abordar,2
fifpro,2
informan,2
amenaza,2
hablas,2
pésimo,2
escasez,2
llenarme,2
mueren,2
ancianos,2
contamos,2
decirles,2
pongo,2
compañero,2
policia,2
cuarentenainteligente,2
acompaña,2
tome,2
segundos,2
confundirse,2
sindicato,2
paralizó,2
presidenta,2
límites,2
provocando,2
informes,2
podamos,2
inmediata,2
generadas,2
pendientes,2
llenar,2
lectura,2
excesiva,2
alberto,2
contrato,2
ada,2
39,2
sabéis,2
ejemplos,2
vertientes,2
dejas,2
vivía,2
doctores,2
caigan,2
cel,2
200,2
usar,2
apropiado,2
comprensible,2
not,2
ganamos,2
recomiendo,2
jodida,2
martes,2
jalisco,2
súmenle,2
diría,2
colectivos,2
respuestas,2
invierno,2
inevitable,2
foco,2
economia,2
03,2
pleno,2
don,2
alfredodelmazo,2
terapeuta,2
mendez,2
lindo,2
cojones,2
bomba,2
puntodecorte,2
malestares,2
levantar,2
sueno,2
brechero,2
acento,2
psicologo,2
depresivo,2
contáctanos,2
afrontando,2
pagando,2
bajón,2
pie,2
relacionadas,2
sumada,2
psiquis,2
costo,2
compulsivo,2
despierta,2
muñoz,2
click,2
frase,2
ayuntamiento,2
presidencia,2
universo,2
esfuerzo,2
93,2
masiva,2
ciudadanos,2
aprovechan,2
experimentan,2
yosoyproser,2
razón,2
proserteacompaña,2
pactoporlasaludmental,2
recibiremos,2
politécnica,2
espol,2
contaremos,2
miércoles,2
permitirá,2
medicinaalternativa,2
ayuden,2
detonó,2
